CREATE DATABASE  IF NOT EXISTS `furniture_store` /*!40100 DEFAULT CHARACTER SET utf8mb4 COLLATE utf8mb4_0900_ai_ci */ /*!80016 DEFAULT ENCRYPTION='N' */;
USE `furniture_store`;
-- MySQL dump 10.13  Distrib 8.0.41, for Win64 (x86_64)
--
-- Host: 127.0.0.1    Database: furniture_store
-- ------------------------------------------------------
-- Server version	8.0.30

/*!40101 SET @OLD_CHARACTER_SET_CLIENT=@@CHARACTER_SET_CLIENT */;
/*!40101 SET @OLD_CHARACTER_SET_RESULTS=@@CHARACTER_SET_RESULTS */;
/*!40101 SET @OLD_COLLATION_CONNECTION=@@COLLATION_CONNECTION */;
/*!50503 SET NAMES utf8 */;
/*!40103 SET @OLD_TIME_ZONE=@@TIME_ZONE */;
/*!40103 SET TIME_ZONE='+00:00' */;
/*!40014 SET @OLD_UNIQUE_CHECKS=@@UNIQUE_CHECKS, UNIQUE_CHECKS=0 */;
/*!40014 SET @OLD_FOREIGN_KEY_CHECKS=@@FOREIGN_KEY_CHECKS, FOREIGN_KEY_CHECKS=0 */;
/*!40101 SET @OLD_SQL_MODE=@@SQL_MODE, SQL_MODE='NO_AUTO_VALUE_ON_ZERO' */;
/*!40111 SET @OLD_SQL_NOTES=@@SQL_NOTES, SQL_NOTES=0 */;

--
-- Table structure for table `Category`
--

DROP TABLE IF EXISTS `Category`;
/*!40101 SET @saved_cs_client     = @@character_set_client */;
/*!50503 SET character_set_client = utf8mb4 */;
CREATE TABLE `Category` (
  `CategoryID` int NOT NULL AUTO_INCREMENT,
  `CategoryName` varchar(100) NOT NULL,
  PRIMARY KEY (`CategoryID`)
) ENGINE=InnoDB AUTO_INCREMENT=6 DEFAULT CHARSET=utf8mb4 COLLATE=utf8mb4_0900_ai_ci;
/*!40101 SET character_set_client = @saved_cs_client */;

--
-- Dumping data for table `Category`
--

LOCK TABLES `Category` WRITE;
/*!40000 ALTER TABLE `Category` DISABLE KEYS */;
INSERT INTO `Category` VALUES (1,'Столы'),(2,'Стулья'),(3,'Шкафы'),(4,'Кресла'),(5,'Диваны');
/*!40000 ALTER TABLE `Category` ENABLE KEYS */;
UNLOCK TABLES;

--
-- Table structure for table `Customers`
--

DROP TABLE IF EXISTS `Customers`;
/*!40101 SET @saved_cs_client     = @@character_set_client */;
/*!50503 SET character_set_client = utf8mb4 */;
CREATE TABLE `Customers` (
  `CustomersID` int NOT NULL AUTO_INCREMENT,
  `CustomersFIO` varchar(150) NOT NULL,
  `OriginalClientFIO` varchar(255) DEFAULT NULL,
  `CustomersBirthday` date NOT NULL,
  `CustomersEmail` varchar(100) NOT NULL,
  `CustomersPhone` varchar(11) NOT NULL,
  `CustomersAddress` text NOT NULL,
  `IsActive` tinyint(1) DEFAULT '1',
  PRIMARY KEY (`CustomersID`)
) ENGINE=InnoDB AUTO_INCREMENT=51 DEFAULT CHARSET=utf8mb4 COLLATE=utf8mb4_0900_ai_ci;
/*!40101 SET character_set_client = @saved_cs_client */;

--
-- Dumping data for table `Customers`
--

LOCK TABLES `Customers` WRITE;
/*!40000 ALTER TABLE `Customers` DISABLE KEYS */;
INSERT INTO `Customers` VALUES (1,'Иванов Иван Иваныч','Иванов Иван Иваныч','1985-03-12','ivanov1@mail.ru','79001111111','г. Москва, ул. Ленина, д. 10',1),(2,'Петров Петр Сергеевич','Петров Петр Сергеевич','1990-07-22','petrov2@mail.ru','79002222222','г. Санкт-Петербург, пр. Невский, д. 25',1),(3,'Сидоров Алексей Николаевич','Сидоров Алексей Николаевич','1988-11-05','sidorov3@mail.ru','79003333333','г. Казань, ул. Кремлёвская, д. 8',1),(4,'Кузнецова Анна Викторовна','Кузнецова Анна Викторовна','1995-01-15','kuznetsova4@mail.ru','79004444444','г. Екатеринбург, ул. Мира, д. 14',1),(5,'Смирнов Дмитрий Александрович','Смирнов Дмитрий Александрович','1982-09-09','smirnov5@mail.ru','79005555555','г. Новосибирск, ул. Ленина, д. 7',1),(6,'Васильева Мария Игоревна','Васильева Мария Игоревна','1993-06-18','vasilieva6@mail.ru','79006666666','г. Ростов-на-Дону, ул. Пушкина, д. 21',1),(7,'Морозов Егор Сергеевич','Морозов Егор Сергеевич','1987-02-20','morozov7@mail.ru','79007777777','г. Нижний Новгород, ул. Горького, д. 3',1),(8,'Волкова Ольга Андреевна','Волкова Ольга Андреевна','1991-05-30','volkova8@mail.ru','79008888888','г. Самара, ул. Гагарина, д. 45',1),(9,'Новиков Павел Фёдорович','Новиков Павел Фёдорович','1989-04-14','novikov9@mail.ru','79009999999','г. Краснодар, ул. Северная, д. 9',1),(10,'Фёдорова Елена Павловна','Фёдорова Елена Павловна','1994-08-11','fedorova10@mail.ru','79100000000','г. Воронеж, ул. Московская, д. 17',1),(11,'Михайлов Никита Андреевич','Михайлов Никита Андреевич','1986-12-25','mihailov11@mail.ru','79101111111','г. Уфа, ул. Октябрьская, д. 22',1),(12,'Алексеева Ксения Дмитриевна','Алексеева Ксения Дмитриевна','1992-07-07','alekseeva12@mail.ru','79102222222','г. Челябинск, ул. Ленина, д. 6',1),(13,'Григорьев Артур Петрович','Григорьев Артур Петрович','1984-03-19','grigorev13@mail.ru','79103333333','г. Омск, ул. Куйбышева, д. 19',1),(14,'Николаева Светлана Александровна','Николаева Светлана Александровна','1996-11-03','nikolaeva14@mail.ru','79104444444','г. Тюмень, ул. Республики, д. 12',1),(15,'Захаров Владимир Игоревич','Захаров Владимир Игоревич','1983-10-10','zaharov15@mail.ru','79105555555','г. Ижевск, ул. Ленина, д. 4',1),(16,'Орлова Дарья Максимовна','Орлова Дарья Максимовна','1995-05-22','orlova16@mail.ru','79106666666','г. Барнаул, ул. Молодёжная, д. 13',1),(17,'Макаров Степан Викторович','Макаров Степан Викторович','1981-01-29','makarov17@mail.ru','79107777777','г. Пенза, ул. Советская, д. 28',1),(18,'Соколова Екатерина Николаевна','Соколова Екатерина Николаевна','1997-06-17','sokolova18@mail.ru','79108888888','г. Липецк, ул. Победы, д. 2',1),(19,'Тимофеев Артём Сергеевич','Тимофеев Артём Сергеевич','1985-09-01','timofeev19@mail.ru','79109999999','г. Саратов, ул. Московская, д. 33',1),(20,'Киселёва Ирина Фёдоровна','Киселёва Ирина Фёдоровна','1993-12-12','kiseleva20@mail.ru','79200000000','г. Тула, ул. Красноармейская, д. 16',1),(21,'Гусев Михаил Андреевич','Гусев Михаил Андреевич','1987-02-14','gusev21@mail.ru','79201111111','г. Калуга, ул. Кирова, д. 7',1),(22,'Степанова Алиса Владимировна','Степанова Алиса Владимировна','1990-08-05','stepanova22@mail.ru','79202222222','г. Рязань, ул. Ленина, д. 23',1),(23,'Егоров Филипп Сергеевич','Егоров Филипп Сергеевич','1984-04-22','egorov23@mail.ru','79203333333','г. Брянск, ул. Советская, д. 11',1),(24,'Попова Виктория Андреевна','Попова Виктория Андреевна','1992-09-30','popova24@mail.ru','79204444444','г. Белгород, ул. Победы, д. 9',1),(25,'Белов Даниил Павлович','Белов Даниил Павлович','1986-01-17','belov25@mail.ru','79205555555','г. Курск, ул. Карла Маркса, д. 20',1),(26,'Комарова Анастасия Сергеевна','Комарова Анастасия Сергеевна','1995-07-21','komarova26@mail.ru','79206666666','г. Иваново, ул. Ленина, д. 5',1),(27,'Денисов Георгий Алексеевич','Денисов Георгий Алексеевич','1989-11-08','denisov27@mail.ru','79207777777','г. Смоленск, ул. Гагарина, д. 14',1),(28,'Кузьмина Полина Максимовна','Кузьмина Полина Максимовна','1996-05-29','kuzmina28@mail.ru','79208888888','г. Владимир, ул. Добросельская, д. 8',1),(29,'Фролов Илья Викторович','Фролов Илья Викторович','1982-03-06','frolov29@mail.ru','79209999999','г. Кострома, ул. Центральная, д. 27',1),(30,'Мельников Олег Сергеевич','Мельников Олег Сергеевич','1988-07-18','melnikov30@mail.ru','79300000000','г. Ярославль, ул. Ленина, д. 40',1),(31,'Карпов Руслан Игоревич','Карпов Руслан Игоревич','1983-09-14','karpov31@mail.ru','79301111111','г. Калининград, ул. Советская, д. 15',1),(32,'Виноградова Алёна Викторовна','Виноградова Алёна Викторовна','1991-02-27','vinogradova32@mail.ru','79302222222','г. Архангельск, ул. Ленина, д. 2',1),(33,'Киселёв Станислав Павлович','Киселёв Станислав Павлович','1987-08-30','kiselev33@mail.ru','79303333333','г. Мурманск, ул. Октябрьская, д. 12',1),(34,'Чернова Лидия Александровна','Чернова Лидия Александровна','1994-10-05','chernova34@mail.ru','79304444444','г. Псков, ул. Московская, д. 19',1),(35,'Богданов Антон Владимирович','Богданов Антон Владимирович','1985-12-11','bogdanov35@mail.ru','79305555555','г. Тверь, ул. Победы, д. 6',1),(36,'Сафонова Надежда Сергеевна','Сафонова Надежда Сергеевна','1993-04-23','safonova36@mail.ru','79306666666','г. Великий Новгород, ул. Ленина, д. 18',1),(37,'Дорофеев Матвей Николаевич','Дорофеев Матвей Николаевич','1989-06-02','dorofeev37@mail.ru','79307777777','г. Астрахань, ул. Советская, д. 11',1),(38,'Савельева Яна Игоревна','Савельева Яна Игоревна','1996-03-19','savelieva38@mail.ru','79308888888','г. Тамбов, ул. Гагарина, д. 10',1),(39,'Жуков Глеб Сергеевич','Жуков Глеб Сергеевич','1982-07-07','zhukov39@mail.ru','79309999999','г. Чебоксары, ул. Ленина, д. 8',1),(40,'Беляева Арина Фёдоровна','Беляева Арина Фёдоровна','1995-05-13','belyaeva40@mail.ru','79400000000','г. Саранск, ул. Советская, д. 16',1),(41,'Куликов Всеволод Алексеевич','Куликов Всеволод Алексеевич','1986-09-29','kulikov41@mail.ru','79401111111','г. Магнитогорск, ул. Карла Маркса, д. 7',1),(42,'Андреева Дарина Михайловна','Андреева Дарина Михайловна','1992-01-08','andreeva42@mail.ru','79402222222','г. Киров, ул. Ленина, д. 12',1),(43,'Миронов Григорий Андреевич','Миронов Григорий Андреевич','1984-10-16','mironov43@mail.ru','79403333333','г. Курган, ул. Победы, д. 22',1),(44,'Семенова Софья Владимировна','Семенова Софья Владимировна','1991-06-24','semenova44@mail.ru','79404444444','г. Хабаровск, ул. Ленина, д. 5',1),(45,'Абрамов Роман Сергеевич','Абрамов Роман Сергеевич','1983-02-11','abramov45@mail.ru','79405555555','г. Владивосток, ул. Светланская, д. 14',1),(46,'Ершова Александра Дмитриевна','Ершова Александра Дмитриевна','1994-08-08','ershova46@mail.ru','79406666666','г. Якутск, ул. Ленина, д. 9',1),(47,'Поляков Виктор Николаевич','Поляков Виктор Николаевич','1987-11-27','polyakov47@mail.ru','79407777777','г. Сочи, ул. Воровского, д. 3',1),(48,'Тарасова Маргарита Игоревна','Тарасова Маргарита Игоревна','1993-12-05','tarasova48@mail.ru','79408888888','г. Ставрополь, ул. Дзержинского, д. 19',1),(49,'Голубев Кирилл Павлович','Голубев Кирилл Павлович','1985-05-25','golubev49@mail.ru','79409999999','г. Ульяновск, ул. Карла Маркса, д. 6',1),(50,'Сергеева Лилия Алексеевна','Сергеева Лилия Алексеевна','1996-04-18','sergeeva50@mail.ru','79500000000','г. Чита, ул. Амурская, д. 11',1);
/*!40000 ALTER TABLE `Customers` ENABLE KEYS */;
UNLOCK TABLES;

--
-- Table structure for table `Order`
--

DROP TABLE IF EXISTS `Order`;
/*!40101 SET @saved_cs_client     = @@character_set_client */;
/*!50503 SET character_set_client = utf8mb4 */;
CREATE TABLE `Order` (
  `OrderID` int NOT NULL AUTO_INCREMENT,
  `OrderDate` datetime NOT NULL,
  `OrderWorker` int NOT NULL,
  `OrderCustomers` int NOT NULL,
  `OriginalCustomerData` text,
  `OrderStatus` enum('Новый','В обработке','Выполнен','Отменён') NOT NULL,
  `OrderPrice` int NOT NULL,
  PRIMARY KEY (`OrderID`),
  KEY `OrderWorker` (`OrderWorker`),
  KEY `OrderCustomers` (`OrderCustomers`),
  CONSTRAINT `order_ibfk_2` FOREIGN KEY (`OrderWorker`) REFERENCES `Worker` (`WorkerID`) ON DELETE CASCADE ON UPDATE CASCADE,
  CONSTRAINT `order_ibfk_3` FOREIGN KEY (`OrderCustomers`) REFERENCES `Customers` (`CustomersID`) ON DELETE CASCADE ON UPDATE CASCADE
) ENGINE=InnoDB AUTO_INCREMENT=61 DEFAULT CHARSET=utf8mb4 COLLATE=utf8mb4_0900_ai_ci;
/*!40101 SET character_set_client = @saved_cs_client */;

--
-- Dumping data for table `Order`
--

LOCK TABLES `Order` WRITE;
/*!40000 ALTER TABLE `Order` DISABLE KEYS */;
INSERT INTO `Order` VALUES (1,'2024-01-15 10:30:00',46,1,'Иванов Иван Иванович|ivanov1@mail.ru|79001111111|г. Москва, ул. Ленина, д. 10','Новый',20400),(2,'2024-01-18 14:20:00',46,2,'Петров Петр Сергеевич|petrov2@mail.ru|79002222222|г. Санкт-Петербург, пр. Невский, д. 25','В обработке',5200),(3,'2024-02-02 09:15:00',34,3,'Сидоров Алексей Николаевич|sidorov3@mail.ru|79003333333|г. Казань, ул. Кремлёвская, д. 8','Выполнен',45390),(4,'2024-02-10 16:45:00',46,4,'Кузнецова Анна Викторовна|kuznetsova4@mail.ru|79004444444|г. Екатеринбург, ул. Мира, д. 14','Новый',17910),(5,'2024-02-20 11:10:00',30,5,'Смирнов Дмитрий Александрович|smirnov5@mail.ru|79005555555|г. Новосибирск, ул. Ленина, д. 7','Отменён',59500),(6,'2024-03-01 13:00:00',44,6,'Васильева Мария Игоревна|vasilieva6@mail.ru|79006666666|г. Ростов-на-Дону, ул. Пушкина, д. 21','В обработке',108800),(7,'2024-03-05 09:40:00',25,7,'Морозов Егор Сергеевич|morozov7@mail.ru|79007777777|г. Нижний Новгород, ул. Горького, д. 3','Новый',77860),(8,'2024-03-12 15:20:00',39,8,'Волкова Ольга Андреевна|volkova8@mail.ru|79008888888|г. Самара, ул. Гагарина, д. 45','Выполнен',30600),(9,'2024-03-18 17:00:00',33,9,'Новиков Павел Фёдорович|novikov9@mail.ru|79009999999|г. Краснодар, ул. Северная, д. 9','В обработке',47175),(10,'2024-03-25 12:30:00',40,10,'Фёдорова Елена Павловна|fedorova10@mail.ru|79100000000|г. Воронеж, ул. Московская, д. 17','Новый',10080),(11,'2024-04-01 11:15:00',22,11,'Михайлов Никита Андреевич|mihailov11@mail.ru|79101111111|г. Уфа, ул. Октябрьская, д. 22','В обработке',24140),(12,'2024-04-06 14:50:00',28,12,'Алексеева Ксения Дмитриевна|alekseeva12@mail.ru|79102222222|г. Челябинск, ул. Ленина, д. 6','Выполнен',7800),(13,'2024-04-12 09:05:00',36,13,'Григорьев Артур Петрович|grigorev13@mail.ru|79103333333|г. Омск, ул. Куйбышева, д. 19','Новый',66300),(14,'2024-04-19 16:30:00',35,14,'Николаева Светлана Александровна|nikolaeva14@mail.ru|79104444444|г. Тюмень, ул. Республики, д. 12','Отменён',19040),(15,'2024-04-25 10:10:00',30,15,'Захаров Владимир Игоревич|zaharov15@mail.ru|79105555555|г. Ижевск, ул. Ленина, д. 4','Новый',35700),(16,'2024-05-02 12:45:00',41,16,'Орлова Дарья Максимовна|orlova16@mail.ru|79106666666|г. Барнаул, ул. Молодёжная, д. 13','Выполнен',12600),(17,'2024-05-08 15:55:00',21,17,'Макаров Степан Викторович|makarov17@mail.ru|79107777777|г. Пенза, ул. Советская, д. 28','В обработке',26350),(18,'2024-05-15 10:25:00',29,18,'Соколова Екатерина Николаевна|sokolova18@mail.ru|79108888888|г. Липецк, ул. Победы, д. 2','Новый',20825),(19,'2024-05-20 11:50:00',31,19,'Тимофеев Артём Сергеевич|timofeev19@mail.ru|79109999999|г. Саратов, ул. Московская, д. 33','Отменён',27540),(20,'2024-05-28 14:35:00',23,20,'Киселёва Ирина Фёдоровна|kiseleva20@mail.ru|79200000000|г. Тула, ул. Красноармейская, д. 16','Выполнен',10530),(21,'2024-06-03 13:10:00',38,21,'Гусев Михаил Андреевич|gusev21@mail.ru|79201111111|г. Калуга, ул. Кирова, д. 7','Новый',9500),(22,'2024-06-09 15:40:00',27,22,'Степанова Алиса Владимировна|stepanova22@mail.ru|79202222222|г. Рязань, ул. Ленина, д. 23','В обработке',6000),(23,'2024-06-15 10:05:00',28,23,'Егоров Филипп Сергеевич|egorov23@mail.ru|79203333333|г. Брянск, ул. Советская, д. 11','Выполнен',81600),(24,'2024-06-20 16:20:00',38,24,'Попова Виктория Андреевна|popova24@mail.ru|79204444444|г. Белгород, ул. Победы, д. 9','Новый',22525),(25,'2024-06-27 09:50:00',32,25,'Белов Даниил Павлович|belov25@mail.ru|79205555555|г. Курск, ул. Карла Маркса, д. 20','Отменён',21930),(26,'2024-07-02 11:15:00',24,26,'Комарова Анастасия Сергеевна|komarova26@mail.ru|79206666666|г. Иваново, ул. Ленина, д. 5','Выполнен',32640),(27,'2024-07-09 13:45:00',32,27,'Денисов Георгий Алексеевич|denisov27@mail.ru|79207777777|г. Смоленск, ул. Гагарина, д. 14','В обработке',16650),(28,'2024-07-16 15:30:00',44,28,'Кузьмина Полина Максимовна|kuzmina28@mail.ru|79208888888|г. Владимир, ул. Добросельская, д. 8','Новый',38250),(29,'2024-07-22 10:40:00',41,29,'Фролов Илья Викторович|frolov29@mail.ru|79209999999|г. Кострома, ул. Центральная, д. 27','Выполнен',53550),(30,'2024-07-29 14:55:00',30,30,'Мельников Олег Сергеевич|melnikov30@mail.ru|79300000000|г. Ярославль, ул. Ленина, д. 40','В обработке',9600),(31,'2024-08-04 12:25:00',26,31,'Карпов Руслан Игоревич|karpov31@mail.ru|79301111111|г. Калининград, ул. Советская, д. 15','Новый',16380),(32,'2024-08-10 09:15:00',39,32,'Виноградова Алёна Викторовна|vinogradova32@mail.ru|79302222222|г. Архангельск, ул. Ленина, д. 2','Отменён',29240),(33,'2024-08-18 16:05:00',42,33,'Киселёв Станислав Павлович|kiselev33@mail.ru|79303333333|г. Мурманск, ул. Октябрьская, д. 12','В обработке',96900),(34,'2024-08-24 10:50:00',45,34,'Чернова Лидия Александровна|chernova34@mail.ru|79304444444|г. Псков, ул. Московская, д. 19','Выполнен',26350),(35,'2024-08-30 11:30:00',36,35,'Богданов Антон Владимирович|bogdanov35@mail.ru|79305555555|г. Тверь, ул. Победы, д. 6','Новый',57800),(36,'2024-09-06 14:10:00',23,36,'Сафонова Надежда Сергеевна|safonova36@mail.ru|79306666666|г. Великий Новгород, ул. Ленина, д. 18','В обработке',19380),(37,'2024-09-12 15:50:00',44,37,'Дорофеев Матвей Николаевич|dorofeev37@mail.ru|79307777777|г. Астрахань, ул. Советская, д. 11','Выполнен',25330),(38,'2024-09-19 09:35:00',37,38,'Савельева Яна Игоревна|savelieva38@mail.ru|79308888888|г. Тамбов, ул. Гагарина, д. 10','Новый',22950),(39,'2024-09-25 13:00:00',32,39,'Жуков Глеб Сергеевич|zhukov39@mail.ru|79309999999|г. Чебоксары, ул. Ленина, д. 8','В обработке',58140),(40,'2024-10-01 16:25:00',45,40,'Беляева Арина Фёдоровна|belyaeva40@mail.ru|79400000000|г. Саранск, ул. Советская, д. 16','Выполнен',14220),(41,'2024-10-07 11:45:00',27,41,'Куликов Всеволод Алексеевич|kulikov41@mail.ru|79401111111|г. Магнитогорск, ул. Карла Маркса, д. 7','Новый',23460),(42,'2024-10-13 14:20:00',34,42,'Андреева Дарина Михайловна|andreeva42@mail.ru|79402222222|г. Киров, ул. Ленина, д. 12','В обработке',9300),(43,'2024-10-19 09:55:00',43,43,'Миронов Григорий Андреевич|mironov43@mail.ru|79403333333|г. Курган, ул. Победы, д. 22','Отменён',20825),(44,'2024-10-25 15:15:00',48,44,'Семенова Софья Владимировна|semenova44@mail.ru|79404444444|г. Хабаровск, ул. Ленина, д. 5','Выполнен',32640),(45,'2024-11-01 12:05:00',46,45,'Абрамов Роман Сергеевич|abramov45@mail.ru|79405555555|г. Владивосток, ул. Светланская, д. 14','Новый',51680),(46,'2024-11-07 13:40:00',49,46,'Ершова Александра Дмитриевна|ershova46@mail.ru|79406666666|г. Якутск, ул. Ленина, д. 9','В обработке',20315),(47,'2024-11-14 10:30:00',47,47,'Поляков Виктор Николаевич|polyakov47@mail.ru|79407777777|г. Сочи, ул. Воровского, д. 3','Выполнен',28050),(48,'2024-11-21 09:20:00',50,48,'Тарасова Маргарита Игоревна|tarasova48@mail.ru|79408888888|г. Ставрополь, ул. Дзержинского, д. 19','Новый',90525),(49,'2024-11-28 16:50:00',21,49,'Голубев Кирилл Павлович|golubev49@mail.ru|79409999999|г. Ульяновск, ул. Карла Маркса, д. 6','В обработке',21080),(50,'2024-12-05 11:35:00',41,50,'Сергеева Лилия Алексеевна|sergeeva50@mail.ru|79500000000|г. Чита, ул. Амурская, д. 11','Выполнен',50660),(58,'2025-11-30 21:16:08',38,21,NULL,'Новый',9500),(59,'2025-11-30 21:18:30',38,21,NULL,'Новый',9500),(60,'2025-11-30 21:26:45',21,10,NULL,'Новый',36975);
/*!40000 ALTER TABLE `Order` ENABLE KEYS */;
UNLOCK TABLES;

--
-- Table structure for table `OrderProduct`
--

DROP TABLE IF EXISTS `OrderProduct`;
/*!40101 SET @saved_cs_client     = @@character_set_client */;
/*!50503 SET character_set_client = utf8mb4 */;
CREATE TABLE `OrderProduct` (
  `OrderID` int NOT NULL,
  `ProductID` int NOT NULL,
  `ProductCount` int NOT NULL,
  `OriginalProductName` varchar(255) DEFAULT NULL,
  PRIMARY KEY (`OrderID`,`ProductID`),
  KEY `ProductID` (`ProductID`),
  CONSTRAINT `orderproduct_ibfk_1` FOREIGN KEY (`OrderID`) REFERENCES `Order` (`OrderID`) ON DELETE CASCADE ON UPDATE CASCADE,
  CONSTRAINT `orderproduct_ibfk_2` FOREIGN KEY (`ProductID`) REFERENCES `Product` (`ProductID`) ON DELETE CASCADE ON UPDATE CASCADE
) ENGINE=InnoDB DEFAULT CHARSET=utf8mb4 COLLATE=utf8mb4_0900_ai_ci;
/*!40101 SET character_set_client = @saved_cs_client */;

--
-- Dumping data for table `OrderProduct`
--

LOCK TABLES `OrderProduct` WRITE;
/*!40000 ALTER TABLE `OrderProduct` DISABLE KEYS */;
INSERT INTO `OrderProduct` VALUES (1,1,2,'Офисный стол \"Практикант\"'),(2,7,1,'Стул компьютерный \"Удобный\"'),(3,12,3,'Шкаф офисный \"Практик\"'),(4,18,1,'Кресло эргономичное \"Про\"'),(5,23,2,'Диван угловой \"Комфорт\"'),(6,5,4,'Стол для переговоров \"Стиль\"'),(7,1,1,'Офисный стол \"Практикант\"'),(7,18,4,'Кресло эргономичное \"Про\"'),(8,1,3,'Офисный стол \"Практикант\"'),(9,21,3,'Диван офисный \"Мини\"'),(10,30,1,'Стол рабочий \"Классик\"'),(11,4,2,'Письменный стол \"Уют\"'),(12,8,1,'Стул эргономичный \"Комфорт\"'),(13,14,3,'Шкаф комбинированный \"Люкс\"'),(14,20,2,'Кресло офисное \"Бюджет\"'),(15,25,1,'Диван для приёмной \"Люкс\"'),(16,6,4,'Стул офисный \"Классик\"'),(17,11,2,'Шкаф для документов \"Стандарт\"'),(18,19,1,'Кресло компьютерное \"Геймер\"'),(19,27,2,'Стол компьютерный \"Модерн\"'),(20,33,3,'Стул деревянный \"Хоум\"'),(21,3,1,'Компьютерный стол \"Эко\"'),(22,10,2,'Стул офисный \"Эконом\"'),(23,16,3,'Кресло руководителя \"Престиж\"'),(24,22,1,'Диван офисный \"Классик\"'),(25,29,2,'Стол офисный \"Оптима\"'),(26,35,4,'Стул офисный \"Люкс\"'),(27,2,1,'Офисный стол \"Комфорт\"'),(28,13,2,'Шкаф металлический \"Сейф\"'),(29,24,3,'Диван офисный \"Эко\"'),(30,31,2,'Стул барный \"Лайт\"'),(31,36,1,'Шкаф офисный \"Профи\"'),(32,41,2,'Кресло офисное \"Комфорт-Плюс\"'),(33,47,3,'Диван угловой \"Люкс-Плюс\"'),(34,50,1,'Диван офисный \"Модерн\"'),(35,28,2,'Стол переговорный \"Элит\"'),(36,32,4,'Стул офисный \"Сити\"'),(37,38,1,'Шкаф купе \"Офис\"'),(38,44,2,'Кресло офисное \"Оптима\"'),(39,49,3,'Диван для приёмной \"Стиль\"'),(40,17,1,'Кресло офисное \"Комфорт\"'),(41,26,2,'Стол письменный \"Домино\"'),(42,34,3,'Стул пластиковый \"Эко\"'),(43,40,1,'Шкаф комбинированный \"Стиль\"'),(44,46,2,'Диван офисный \"Стандарт\"'),(45,48,4,'Диван офисный \"Эконом\"'),(46,37,1,'Шкаф металлический \"Сейф-Про\"'),(47,39,2,'Шкаф архивный \"Док\"'),(48,42,3,'Кресло руководителя \"Эстет\"'),(49,45,1,'Кресло компьютерное \"ПроГейм\"'),(50,43,2,'Кресло эргономичное \"Элит\"'),(58,3,1,'Компьютерный стол \"Эко\"'),(59,3,1,'Компьютерный стол \"Эко\"'),(60,15,3,'Шкаф офисный \"Эко\"');
/*!40000 ALTER TABLE `OrderProduct` ENABLE KEYS */;
UNLOCK TABLES;

--
-- Table structure for table `Product`
--

DROP TABLE IF EXISTS `Product`;
/*!40101 SET @saved_cs_client     = @@character_set_client */;
/*!50503 SET character_set_client = utf8mb4 */;
CREATE TABLE `Product` (
  `ProductID` int NOT NULL AUTO_INCREMENT,
  `ProductName` text NOT NULL,
  `ProductCategory` int NOT NULL,
  `ProductPrice` decimal(19,4) NOT NULL,
  `ProductManufacturer` text NOT NULL,
  `ProductSupplier` int NOT NULL,
  `OriginalSupplierName` varchar(100) DEFAULT NULL,
  `ProductQuantityInStock` int NOT NULL,
  `ProductDescription` text NOT NULL,
  `IsActive` tinyint(1) DEFAULT '1',
  `ProductPhoto` varchar(200) DEFAULT NULL,
  PRIMARY KEY (`ProductID`),
  KEY `ProductCategory` (`ProductCategory`),
  KEY `ProductSupplier` (`ProductSupplier`),
  CONSTRAINT `product_ibfk_1` FOREIGN KEY (`ProductCategory`) REFERENCES `Category` (`CategoryID`) ON DELETE CASCADE ON UPDATE CASCADE,
  CONSTRAINT `product_ibfk_2` FOREIGN KEY (`ProductSupplier`) REFERENCES `Supplier` (`SupplierID`) ON DELETE CASCADE ON UPDATE CASCADE
) ENGINE=InnoDB AUTO_INCREMENT=53 DEFAULT CHARSET=utf8mb4 COLLATE=utf8mb4_0900_ai_ci;
/*!40101 SET character_set_client = @saved_cs_client */;

--
-- Dumping data for table `Product`
--

LOCK TABLES `Product` WRITE;
/*!40000 ALTER TABLE `Product` DISABLE KEYS */;
INSERT INTO `Product` VALUES (1,'Офисный стол \"Практик\"',1,12000.0000,'МебельГрад',1,'ООО МебельныйГрад',25,'Высококачественный товар для офиса',1,'3f6b1cd22b446e23b6f68aa82bff64ecddd836fa068d73350ced6ce6bb9dfab7'),(2,'Офисный стол \"Комфорт\"',1,18500.0000,'КомфортСтиль',1,'ООО КомфортСтиль',30,'Высококачественный товар для офиса',1,'478d2e5c5ba85355e8348edb560b7752fd6b39a5c88c06e262856deb0a1d64c6'),(3,'Компьютерный стол \"Эко\"',1,9500.0000,'ЭкоМебель',3,'ООО ЭкоМебель',20,'Высококачественный товар для офиса',1,'0272c557df5aa7278c9373ce642a4a379b6c85d434aca9c7887e6b17d37fb474'),(4,'Письменный стол \"Уют\"',1,14200.0000,'УютДом',4,'ООО УютДом',15,'Высококачественный товар для офиса',1,'149f7fbd5f5af41ce444314159ea4e6131c79f145a76204f481b58fdbe1d3f81'),(5,'Стол для переговоров \"Стиль\"',1,32000.0000,'СтильОфис',5,'ООО СтильОфис',10,'Высококачественный товар для офиса',1,'df136032cb248724b0e769800707678025d528aca817f660b0bce038ae70cd24'),(6,'Стул офисный \"Классик\"',2,3500.0000,'Престиж-Мебель',6,'ООО Престиж-Мебель',100,'Высококачественный товар для офиса',1,'fa0b236d557c496f3ad2f39ac2312e56ff078a039a612c5c6fb7016a6c91d7a4'),(7,'Стул компьютерный \"Удобный\"',2,5200.0000,'НадёжныйПоставщик',7,'ООО НадёжныйПоставщик',85,'Высококачественный товар для офиса',1,'ef63ae4300dd2435ee672ef10a8c29cff61ab519d4f1da391407156e27ed507d'),(8,'Стул эргономичный \"Комфорт\"',2,7800.0000,'ОфисКомфорт',8,'ООО ОфисКомфорт',70,'Высококачественный товар для офиса',1,'1dc7d63a60c303e7db21ff2965c918d404752eb0dc7f0da1edee5313db506a99'),(9,'Стул конференц-зал \"Сити\"',2,4100.0000,'МебельТорг',9,'ООО МебельТорг',95,'Высококачественный товар для офиса',1,'f0dc02dd32c975161e092fdab90c04428d9a8ed68b653ad112071e89c0baa46a'),(10,'Стул офисный \"Эконом\"',2,3000.0000,'ДизайнИнтерьер',10,'ООО ДизайнИнтерьер',90,'Высококачественный товар для офиса',1,'f864ef5e3011b0514497c029e6cce40306e12bfed01052f3a2a5eaf55ffebf76'),(11,'Шкаф для документов \"Стандарт\"',3,15500.0000,'МебельМаркет',11,'ООО МебельМаркет',20,'Высококачественный товар для офиса',1,'9ab77b142aeb7d92d7b5c5b4121f27082367d98b36606d039dab4b31fcac48f5'),(12,'Шкаф офисный \"Практик\"',3,17800.0000,'КомфортЛайн',12,'ООО КомфортЛайн',18,'Высококачественный товар для офиса',1,'389ee86ad759870e46b750750be410084f6a6248e7120ca3b9bd081b4d5e69e8'),(13,'Шкаф металлический \"Сейф\"',3,22500.0000,'ДомСтиль',13,'ООО ДомСтиль',12,'Высококачественный товар для офиса',1,'19434b99833d7b581a13a0bf064ed87030bce37c20c43c3fe44246eedd6782c6'),(14,'Шкаф комбинированный \"Люкс\"',3,26000.0000,'ФабрикаМебели',14,'ООО ФабрикаМебели',10,'Высококачественный товар для офиса',1,'828c838d87ff59ca85dc54637fb7f62782d18cfa7e670c85d64da838dc428082'),(15,'Шкаф офисный \"Эко\"',3,14500.0000,'УютПлюс',15,'ООО УютПлюс',22,'Высококачественный товар для офиса',1,'58c29f69041efb3c62b21b7020eb970c7ec1d8ff9ba5f959cd97e5b49e88e834'),(16,'Кресло руководителя \"Престиж\"',4,32000.0000,'ТехноСтиль',16,'ООО ТехноСтиль',8,'Высококачественный товар для офиса',1,'9c403563c7fe0ca5c32b4242c57e7d5eca38bcbdf3e4a0fc2094dd4cdddcb42d'),(17,'Кресло офисное \"Комфорт\"',4,15800.0000,'ОфисЛюкс',17,'ООО ОфисЛюкс',14,'Высококачественный товар для офиса',1,'2843a21d6e6aa2ed7d17672be8eadd519c29ab96a718f36851085f2400ea6dd8'),(18,'Кресло эргономичное \"Про\"',4,19900.0000,'ДекорТорг',18,'ООО ДекорТорг',16,'Высококачественный товар для офиса',1,'a89804a62c2c5d5f018d562bbcfd498546384c36f903b0f729db2a548674cd38'),(19,'Кресло компьютерное \"Геймер\"',4,24500.0000,'МебельОпт',19,'ООО МебельОпт',12,'Высококачественный товар для офиса',1,'b3e5713127a5788fd504b0452392cf4a359cf307ba42d7fef965fd03ceff8bd0'),(20,'Кресло офисное \"Бюджет\"',4,11200.0000,'ДомУют',20,'ООО ДомУют',20,'Высококачественный товар для офиса',1,'502c4a745c74db87e0b0396977906c23e80c8d392b30eefcc64558250f03621c'),(21,'Диван офисный \"Мини\"',5,18500.0000,'ИнтерьерПро',21,'ООО ИнтерьерПро',9,'Высококачественный товар для офиса',1,'5d551f5f37309c6fe893dbe9317090eface940121af65d93eb24af618cd6b9dd'),(22,'Диван офисный \"Классик\"',5,26500.0000,'СтильХоум',22,'ООО СтильХоум',7,'Высококачественный товар для офиса',1,'f23c220cb47317fd6030a51be0c8377bed570a7555c7f6bf41ed815f4c9282db'),(23,'Диван угловой \"Комфорт\"',5,35000.0000,'ОфисСнаб',23,'ООО ОфисСнаб',5,'Высококачественный товар для офиса',1,'0adcd89df9b0ebe6e30b55b7dc3152bd46c7e6705804f429dff63e2a73c468a1'),(24,'Диван офисный \"Эко\"',5,21000.0000,'МебельЛюкс',24,'ООО МебельЛюкс',11,'Высококачественный товар для офиса',1,'b9b346696aadc951c0bdb39acf12d4342b0ef1a9f5a8513f4528d9a01c04edc4'),(25,'Диван для приёмной \"Люкс\"',5,42000.0000,'АртМебель',25,'ООО АртМебель',6,'Высококачественный товар для офиса',1,'108252de3839929c49b731822aac398eee23af3415252cf0d40086c0e596ae5b'),(26,'Стол письменный \"Домино\"',1,13800.0000,'ДомКомфорт',26,'ООО ДомКомфорт',14,'Высококачественный товар для офиса',1,'57a4b7c275b7458b2c1a445ff8bb37183ddddd15296275f993f36ffa10c27ef3'),(27,'Стол компьютерный \"Модерн\"',1,16200.0000,'ПоставкаМебели',27,'ООО ПоставкаМебели',17,'Высококачественный товар для офиса',1,'3e3ac043fa783ea14f1d948b64035e06e70417ad24a0e4ac70264325ec59770a'),(28,'Стол переговорный \"Элит\"',1,34000.0000,'УютИнтерьер',28,'ООО УютИнтерьер',8,'Высококачественный товар для офиса',1,'f16a7df56da538aa9accc1439b1a321c24b2667ed0d441e20a365d669a6e7a27'),(29,'Стол офисный \"Оптима\"',1,12900.0000,'ОфисСтиль',29,'ООО ОфисСтиль',20,'Высококачественный товар для офиса',1,'998e2cba90fbc7911bd7469373d21e96d392e5cc22859b28d44249c8baa5b4b5'),(30,'Стол рабочий \"Классик\"',1,11200.0000,'ЭлитМебель',30,'ООО ЭлитМебель',22,'Высококачественный товар для офиса',1,'200382e4991ad726811a32047b539f4fdbcaaa438054db552ff85b9cf26f8110'),(31,'Стул барный \"Лайт\"',2,4800.0000,'МебельТрейд',31,'ООО МебельТрейд',60,'Высококачественный товар для офиса',1,'610479da615c94f386bfe10b743860b25cf24ca641a98aebbb18c8f6170b5990'),(32,'Стул офисный \"Сити\"',2,5700.0000,'КлассикаСтиль',32,'ООО КлассикаСтиль',50,'Высококачественный товар для офиса',1,'22f9b34c14643749a95cc881b66a905c0672a6328a2e666bce8a03a7f74dca0c'),(33,'Стул деревянный \"Хоум\"',2,3900.0000,'СовременныйДом',33,'ООО СовременныйДом',65,'Высококачественный товар для офиса',1,'b533e3e6423a5350efdc5a3d9a7eb658208f125bb8924852a9408374fef20fcc'),(34,'Стул пластиковый \"Эко\"',2,3100.0000,'ОфисМаркет',34,'ООО ОфисМаркет',80,'Высококачественный товар для офиса',1,'0c8b8eda5c4428656cbcae2a2fbf2b41ec4488d42e9fef3f7ac6a719f29647fe'),(35,'Стул офисный \"Люкс\"',2,9600.0000,'НадёжМебель',35,'ООО НадёжМебель',40,'Высококачественный товар для офиса',1,'07dda07845d87adbb84f39439daaf382e7344e6e504b46ef313529435d62faef'),(36,'Шкаф офисный \"Профи\"',3,18200.0000,'ИнтерьерСнаб',36,'ООО ИнтерьерСнаб',19,'Высококачественный товар для офиса',1,'678f3dc20695b331fb9edcd4c6efd6e4507688692711daf4b50ac447f890336f'),(37,'Шкаф металлический \"Сейф-Про\"',3,23900.0000,'УютЛюкс',37,'ООО УютЛюкс',13,'Высококачественный товар для офиса',1,'30be8b79e8f3857887a233a5cb809f1388c4c8c807257f338e6522d497d94353'),(38,'Шкаф купе \"Офис\"',3,29800.0000,'ПромМебель',38,'ООО ПромМебель',9,'Высококачественный товар для офиса',1,'87ae95171b3aec729fa39b0ffb04ef4eebf35bcb5ecbe68fad55061c5ba0618e'),(39,'Шкаф архивный \"Док\"',3,16500.0000,'АртХоум',39,'ООО АртХоум',15,'Высококачественный товар для офиса',1,'18ecb87e1b6fb51008abbf765fd8b8fbc9056d3879727aaec2821d8a25a69003'),(40,'Шкаф комбинированный \"Стиль\"',3,24500.0000,'МебельПроект',40,'ООО МебельПроект',11,'Высококачественный товар для офиса',1,'dd17393ffdb0e195a1edb3d2229216be30461d9def93d8e483caa038f44b8872'),(41,'Кресло офисное \"Комфорт-Плюс\"',4,17200.0000,'СтильМебель',41,'ООО СтильМебель',18,'Высококачественный товар для офиса',1,'ae0885414211dabe27af32d9ec3d3513711ba1816bc7c38b8923861f4e5d45dc'),(42,'Кресло руководителя \"Эстет\"',4,35500.0000,'ЛидерМебель',42,'ООО ЛидерМебель',7,'Высококачественный товар для офиса',1,'d2bbe9d1da09c4ea46530d60c6c1bbfc760087695b3f002ed8a6b84f8cb11b80'),(43,'Кресло эргономичное \"Элит\"',4,29800.0000,'ФабрикаКомфорта',43,'ООО ФабрикаКомфорта',9,'Высококачественный товар для офиса',1,'a0412f06dc7987236c2a9fe377e3372abeb55ecbea0825dd9bd5904a5efeb292'),(44,'Кресло офисное \"Оптима\"',4,13500.0000,'УютМаркет',44,'ООО УютМаркет',21,'Высококачественный товар для офиса',1,'6c46e06947652e73944c78e0efd7954afc30149a7c3a127f0c39f95db06d2e31'),(45,'Кресло компьютерное \"ПроГейм\"',4,24800.0000,'ЭстетМебель',45,'ООО ЭстетМебель',8,'Высококачественный товар для офиса',1,'8ef3c1163d7f75e30882186d649baccd03dd48949c290a54f1d005b10fa5d27e'),(46,'Диван офисный \"Стандарт\"',5,19200.0000,'ОфисПро',46,'ООО ОфисПро',10,'Высококачественный товар для офиса',1,'335a0232702266aa3643af98aeb5a53dd7bd377a676452e40f6f64a3a86a61a3'),(47,'Диван угловой \"Люкс-Плюс\"',5,38000.0000,'МебельЭкспо',47,'ООО МебельЭкспо',5,'Высококачественный товар для офиса',1,'6ca37bea9b86fc43859af5757019caf8c69bf3907f8dcff57769e4c67ffaa303'),(48,'Диван офисный \"Эконом\"',5,15200.0000,'ИнтерьерОпт',48,'ООО ИнтерьерОпт',12,'Высококачественный товар для офиса',1,'7f25687acb9d2042b3b81aa28ecaa5ce7501d8c65fd050d29267cf09d8500f0b'),(49,'Диван для приёмной \"Стиль\"',5,22800.0000,'ДомЛюкс',49,'ООО ДомЛюкс',6,'Высококачественный товар для офиса',1,'959eeff46b1c9d5af1c37c5203bbc5ca80416fc64063a36e14c1d321ee1a356d'),(50,'Диван офисный \"Модерн\"',5,31000.0000,'МебельЛайн',50,'ООО МебельЛайн',7,'Высококачественный товар для офиса',1,'8d8edb004dc28fcd41c09a00c32e1fde877fda5453397260f648eef11591a7c1');
/*!40000 ALTER TABLE `Product` ENABLE KEYS */;
UNLOCK TABLES;

--
-- Table structure for table `Role`
--

DROP TABLE IF EXISTS `Role`;
/*!40101 SET @saved_cs_client     = @@character_set_client */;
/*!50503 SET character_set_client = utf8mb4 */;
CREATE TABLE `Role` (
  `RoleID` int NOT NULL AUTO_INCREMENT,
  `RoleName` varchar(100) NOT NULL,
  PRIMARY KEY (`RoleID`)
) ENGINE=InnoDB AUTO_INCREMENT=4 DEFAULT CHARSET=utf8mb4 COLLATE=utf8mb4_0900_ai_ci;
/*!40101 SET character_set_client = @saved_cs_client */;

--
-- Dumping data for table `Role`
--

LOCK TABLES `Role` WRITE;
/*!40000 ALTER TABLE `Role` DISABLE KEYS */;
INSERT INTO `Role` VALUES (1,'Администратор'),(2,'Менеджер'),(3,'Продавец');
/*!40000 ALTER TABLE `Role` ENABLE KEYS */;
UNLOCK TABLES;

--
-- Table structure for table `Supplier`
--

DROP TABLE IF EXISTS `Supplier`;
/*!40101 SET @saved_cs_client     = @@character_set_client */;
/*!50503 SET character_set_client = utf8mb4 */;
CREATE TABLE `Supplier` (
  `SupplierID` int NOT NULL AUTO_INCREMENT,
  `SupplierName` varchar(100) NOT NULL,
  `IsActive` tinyint(1) DEFAULT '1',
  PRIMARY KEY (`SupplierID`)
) ENGINE=InnoDB AUTO_INCREMENT=52 DEFAULT CHARSET=utf8mb4 COLLATE=utf8mb4_0900_ai_ci;
/*!40101 SET character_set_client = @saved_cs_client */;

--
-- Dumping data for table `Supplier`
--

LOCK TABLES `Supplier` WRITE;
/*!40000 ALTER TABLE `Supplier` DISABLE KEYS */;
INSERT INTO `Supplier` VALUES (1,'ООО МебельГрад',1),(2,'ООО КомфортныйСтиль',1),(3,'ООО ЭкоМебель',1),(4,'ООО УютДом',1),(5,'ООО СтильОфис',1),(6,'ООО Престиж-Мебель',1),(7,'ООО НадёжныйПоставщик',1),(8,'ООО ОфисКомфорт',1),(9,'ООО МебельТорг',1),(10,'ООО ДизайнИнтерьер',1),(11,'ООО МебельМаркет',1),(12,'ООО КомфортЛайн',1),(13,'ООО ДомСтиль',1),(14,'ООО ФабрикаМебели',1),(15,'ООО УютПлюс',1),(16,'ООО ТехноСтиль',1),(17,'ООО ОфисЛюкс',1),(18,'ООО ДекорТорг',1),(19,'ООО МебельОпт',1),(20,'ООО ДомУют',1),(21,'ООО ИнтерьерПро',1),(22,'ООО СтильХоум',1),(23,'ООО ОфисСнаб',1),(24,'ООО МебельЛюкс',1),(25,'ООО АртМебель',1),(26,'ООО ДомКомфорт',1),(27,'ООО ПоставкаМебели',1),(28,'ООО УютИнтерьер',1),(29,'ООО ОфисСтиль',1),(30,'ООО ЭлитМебель',1),(31,'ООО МебельТрейд',1),(32,'ООО КлассикаСтиль',1),(33,'ООО СовременныйДом',1),(34,'ООО ОфисМаркет',1),(35,'ООО НадёжМебель',1),(36,'ООО ИнтерьерСнаб',1),(37,'ООО УютЛюкс',1),(38,'ООО ПромМебель',1),(39,'ООО АртХоум',1),(40,'ООО МебельПроект',1),(41,'ООО СтильМебель',1),(42,'ООО ЛидерМебель',1),(43,'ООО ФабрикаКомфорта',1),(44,'ООО УютМаркет',1),(45,'ООО ЭстетМебель',1),(46,'ООО ОфисПро',1),(47,'ООО МебельЭкспо',1),(48,'ООО ИнтерьерОпт',1),(49,'ООО ДомЛюкс',1),(50,'ООО МебельЛайн',1);
/*!40000 ALTER TABLE `Supplier` ENABLE KEYS */;
UNLOCK TABLES;

--
-- Table structure for table `Worker`
--

DROP TABLE IF EXISTS `Worker`;
/*!40101 SET @saved_cs_client     = @@character_set_client */;
/*!50503 SET character_set_client = utf8mb4 */;
CREATE TABLE `Worker` (
  `WorkerID` int NOT NULL AUTO_INCREMENT,
  `WorkerFIO` varchar(100) NOT NULL,
  `OriginalWorkerFIO` varchar(255) DEFAULT NULL,
  `WorkerLogin` varchar(100) NOT NULL,
  `WorkerPassword` text NOT NULL,
  `WorkerBirthday` date NOT NULL,
  `WorkerEmployment` date NOT NULL,
  `WorkerEmail` varchar(100) NOT NULL,
  `WorkerPhone` varchar(11) NOT NULL,
  `WorkerRole` int NOT NULL,
  `IsActive` tinyint(1) DEFAULT '1',
  PRIMARY KEY (`WorkerID`),
  KEY `WorkerRole` (`WorkerRole`),
  CONSTRAINT `worker_ibfk_1` FOREIGN KEY (`WorkerRole`) REFERENCES `Role` (`RoleID`) ON DELETE CASCADE ON UPDATE CASCADE
) ENGINE=InnoDB AUTO_INCREMENT=51 DEFAULT CHARSET=utf8mb4 COLLATE=utf8mb4_0900_ai_ci;
/*!40101 SET character_set_client = @saved_cs_client */;

--
-- Dumping data for table `Worker`
--

LOCK TABLES `Worker` WRITE;
/*!40000 ALTER TABLE `Worker` DISABLE KEYS */;
INSERT INTO `Worker` VALUES (1,'Кузнецов Иван Алексеевич','Кузнецов Иван Алексеевич','admin1','9b8769a4a742959a2d0298c36fb70623f2dfacda8436237df08d8dfd5b37374c','1980-03-12','2010-05-01','ivan.k@mail.ru','79610000001',1,1),(2,'Смирнова Анна Сергеевна','Смирнова Анна Сергеевна','admin2','9b8769a4a742959a2d0298c36fb70623f2dfacda8436237df08d8dfd5b37374c','1985-07-22','2012-06-15','anna.s@mail.ru','79610000002',1,1),(3,'Попов Дмитрий Николаевич','Попов Дмитрий Николаевич','admin3','9b8769a4a742959a2d0298c36fb70623f2dfacda8436237df08d8dfd5b37374c','1979-11-05','2008-03-12','dmitry.p@mail.ru','79610000003',1,1),(4,'Волкова Ольга Игоревна','Волкова Ольга Игоревна','admin4','9b8769a4a742959a2d0298c36fb70623f2dfacda8436237df08d8dfd5b37374c','1982-01-15','2011-09-20','olga.v@mail.ru','79610000004',1,1),(5,'Морозов Алексей Фёдорович','Морозов Алексей Фёдорович','admin5','9b8769a4a742959a2d0298c36fb70623f2dfacda8436237df08d8dfd5b37374c','1984-09-09','2013-07-07','alex.m@mail.ru','79610000005',1,1),(6,'Павлов Сергей Дмитриевич','Павлов Сергей Дмитриевич','manager1','9b8769a4a742959a2d0298c36fb70623f2dfacda8436237df08d8dfd5b37374c','1988-06-18','2015-03-01','sergey.p@mail.ru','79610000006',2,1),(7,'Фёдорова Мария Андреевна','Фёдорова Мария Андреевна','manager2','9b8769a4a742959a2d0298c36fb70623f2dfacda8436237df08d8dfd5b37374c','1990-02-20','2016-10-12','maria.f@mail.ru','79610000007',2,1),(8,'Соколов Игорь Викторович','Соколов Игорь Викторович','manager3','9b8769a4a742959a2d0298c36fb70623f2dfacda8436237df08d8dfd5b37374c','1987-05-30','2014-12-01','igor.s@mail.ru','79610000008',2,1),(9,'Мельников Павел Сергеевич','Мельников Павел Сергеевич','manager4','9b8769a4a742959a2d0298c36fb70623f2dfacda8436237df08d8dfd5b37374c','1989-04-14','2017-08-21','pavel.m@mail.ru','79610000009',2,1),(10,'Козлова Екатерина Михайловна','Козлова Екатерина Михайловна','manager5','9b8769a4a742959a2d0298c36fb70623f2dfacda8436237df08d8dfd5b37374c','1992-08-11','2018-04-18','katya.k@mail.ru','79610000010',2,1),(11,'Сергеев Артём Алексеевич','Сергеев Артём Алексеевич','manager6','9b8769a4a742959a2d0298c36fb70623f2dfacda8436237df08d8dfd5b37374c','1986-12-25','2015-01-10','artem.s@mail.ru','79610000011',2,1),(12,'Николаева Светлана Игоревна','Николаева Светлана Игоревна','manager7','9b8769a4a742959a2d0298c36fb70623f2dfacda8436237df08d8dfd5b37374c','1991-07-07','2016-11-03','sveta.n@mail.ru','79610000012',2,1),(13,'Захаров Андрей Павлович','Захаров Андрей Павлович','manager8','9b8769a4a742959a2d0298c36fb70623f2dfacda8436237df08d8dfd5b37374c','1984-03-19','2014-06-22','andrey.z@mail.ru','79610000013',2,1),(14,'Орлова Дарья Максимовна','Орлова Дарья Максимовна','manager9','9b8769a4a742959a2d0298c36fb70623f2dfacda8436237df08d8dfd5b37374c','1995-11-03','2019-01-05','darya.o@mail.ru','79610000014',2,1),(15,'Макаров Степан Владимирович','Макаров Степан Владимирович','manager10','9b8769a4a742959a2d0298c36fb70623f2dfacda8436237df08d8dfd5b37374c','1983-10-10','2013-03-17','stepan.m@mail.ru','79610000015',2,1),(16,'Соловьёв Евгений Олегович','Соловьёв Евгений Олегович','manager11','9b8769a4a742959a2d0298c36fb70623f2dfacda8436237df08d8dfd5b37374c','1981-01-29','2012-07-19','evgeny.s@mail.ru','79610000016',2,1),(17,'Комарова Анастасия Фёдоровна','Комарова Анастасия Фёдоровна','manager12','9b8769a4a742959a2d0298c36fb70623f2dfacda8436237df08d8dfd5b37374c','1993-06-17','2018-10-01','nastya.k@mail.ru','79610000017',2,1),(18,'Денисов Георгий Алексеевич','Денисов Георгий Алексеевич','manager13','9b8769a4a742959a2d0298c36fb70623f2dfacda8436237df08d8dfd5b37374c','1985-09-01','2014-02-14','george.d@mail.ru','79610000018',2,1),(19,'Кузьмина Полина Игоревна','Кузьмина Полина Игоревна','manager14','9b8769a4a742959a2d0298c36fb70623f2dfacda8436237df08d8dfd5b37374c','1996-12-12','2020-05-22','polina.k@mail.ru','79610000019',2,1),(20,'Фролов Илья Викторович','Фролов Илья Викторович','manager15','9b8769a4a742959a2d0298c36fb70623f2dfacda8436237df08d8dfd5b37374c','1987-02-14','2016-09-11','ilya.f@mail.ru','79610000020',2,1),(21,'Михайлов Никита Андреевич','Михайлов Никита Андреевич','seller1','9b8769a4a742959a2d0298c36fb70623f2dfacda8436237df08d8dfd5b37374c','1986-01-17','2015-04-01','nikita.m@mail.ru','79610000021',3,1),(22,'Алексеева Ксения Дмитриевна','Алексеева Ксения Дмитриевна','seller2','9b8769a4a742959a2d0298c36fb70623f2dfacda8436237df08d8dfd5b37374c','1995-07-21','2019-06-15','ksenia.a@mail.ru','79610000022',3,1),(23,'Григорьев Артур Петрович','Григорьев Артур Петрович','seller3','9b8769a4a742959a2d0298c36fb70623f2dfacda8436237df08d8dfd5b37374c','1989-11-08','2017-09-23','artur.g@mail.ru','79610000023',3,1),(24,'Тимофеева Елена Александровна','Тимофеева Елена Александровна','seller4','9b8769a4a742959a2d0298c36fb70623f2dfacda8436237df08d8dfd5b37374c','1992-05-29','2018-12-10','elena.t@mail.ru','79610000024',3,1),(25,'Киселёва Ирина Фёдоровна','Киселёва Ирина Фёдоровна','seller5','9b8769a4a742959a2d0298c36fb70623f2dfacda8436237df08d8dfd5b37374c','1991-03-06','2017-08-12','irina.k@mail.ru','79610000025',3,1),(26,'Гусев Михаил Андреевич','Гусев Михаил Андреевич','seller6','9b8769a4a742959a2d0298c36fb70623f2dfacda8436237df08d8dfd5b37374c','1983-09-14','2012-11-27','mikhail.g@mail.ru','79610000026',3,1),(27,'Степанова Алиса Владимировна','Степанова Алиса Владимировна','seller7','9b8769a4a742959a2d0298c36fb70623f2dfacda8436237df08d8dfd5b37374c','1990-02-27','2016-01-18','alisa.s@mail.ru','79610000027',3,1),(28,'Егоров Филипп Сергеевич','Егоров Филипп Сергеевич','seller8','9b8769a4a742959a2d0298c36fb70623f2dfacda8436237df08d8dfd5b37374c','1987-08-30','2014-03-21','philipp.e@mail.ru','79610000028',3,1),(29,'Попова Виктория Андреевна','Попова Виктория Андреевна','seller9','9b8769a4a742959a2d0298c36fb70623f2dfacda8436237df08d8dfd5b37374c','1994-10-05','2019-07-08','vika.p@mail.ru','79610000029',3,1),(30,'Белов Даниил Павлович','Белов Даниил Павлович','seller10','9b8769a4a742959a2d0298c36fb70623f2dfacda8436237df08d8dfd5b37374c','1985-12-11','2015-10-30','daniil.b@mail.ru','79610000030',3,1),(31,'Сафонова Надежда Сергеевна','Сафонова Надежда Сергеевна','seller11','9b8769a4a742959a2d0298c36fb70623f2dfacda8436237df08d8dfd5b37374c','1993-04-23','2018-02-05','nadezhda.s@mail.ru','79610000031',3,1),(32,'Дорофеев Матвей Николаевич','Дорофеев Матвей Николаевич','seller12','9b8769a4a742959a2d0298c36fb70623f2dfacda8436237df08d8dfd5b37374c','1989-06-02','2016-04-22','matvey.d@mail.ru','79610000032',3,1),(33,'Савельева Яна Игоревна','Савельева Яна Игоревна','seller13','9b8769a4a742959a2d0298c36fb70623f2dfacda8436237df08d8dfd5b37374c','1996-03-19','2020-09-01','yana.s@mail.ru','79610000033',3,1),(34,'Жуков Глеб Сергеевич','Жуков Глеб Сергеевич','seller14','9b8769a4a742959a2d0298c36fb70623f2dfacda8436237df08d8dfd5b37374c','1982-07-07','2010-05-12','gleb.zh@mail.ru','79610000034',3,1),(35,'Беляева Арина Фёдоровна','Беляева Арина Фёдоровна','seller15','9b8769a4a742959a2d0298c36fb70623f2dfacda8436237df08d8dfd5b37374c','1995-05-13','2019-11-21','arina.b@mail.ru','79610000035',3,1),(36,'Карпов Руслан Игоревич','Карпов Руслан Игоревич','seller16','9b8769a4a742959a2d0298c36fb70623f2dfacda8436237df08d8dfd5b37374c','1986-09-29','2014-07-14','ruslan.k@mail.ru','79610000036',3,1),(37,'Виноградова Алёна Викторовна','Виноградова Алёна Викторовна','seller17','9b8769a4a742959a2d0298c36fb70623f2dfacda8436237df08d8dfd5b37374c','1992-01-08','2017-02-19','alyona.v@mail.ru','79610000037',3,1),(38,'Киселёв Станислав Павлович','Киселёв Станислав Павлович','seller18','9b8769a4a742959a2d0298c36fb70623f2dfacda8436237df08d8dfd5b37374c','1984-10-16','2013-06-05','stanislav.k@mail.ru','79610000038',3,1),(39,'Чернова Лидия Александровна','Чернова Лидия Александровна','seller19','9b8769a4a742959a2d0298c36fb70623f2dfacda8436237df08d8dfd5b37374c','1991-06-24','2016-08-11','lidya.ch@mail.ru','79610000039',3,1),(40,'Богданов Антон Владимирович','Богданов Антон Владимирович','seller20','9b8769a4a742959a2d0298c36fb70623f2dfacda8436237df08d8dfd5b37374c','1983-02-11','2012-01-15','anton.b@mail.ru','79610000040',3,1),(41,'Ершова Александра Дмитриевна','Ершова Александра Дмитриевна','seller21','9b8769a4a742959a2d0298c36fb70623f2dfacda8436237df08d8dfd5b37374c','1994-08-08','2019-03-19','alexandra.e@mail.ru','79610000041',3,1),(42,'Поляков Виктор Николаевич','Поляков Виктор Николаевич','seller22','9b8769a4a742959a2d0298c36fb70623f2dfacda8436237df08d8dfd5b37374c','1987-11-27','2016-11-09','victor.p@mail.ru','79610000042',3,1),(43,'Тарасова Маргарита Игоревна','Тарасова Маргарита Игоревна','seller23','9b8769a4a742959a2d0298c36fb70623f2dfacda8436237df08d8dfd5b37374c','1993-12-05','2018-12-22','margarita.t@mail.ru','79610000043',3,1),(44,'Голубев Кирилл Павлович','Голубев Кирилл Павлович','seller24','9b8769a4a742959a2d0298c36fb70623f2dfacda8436237df08d8dfd5b37374c','1985-05-25','2014-04-16','kirill.g@mail.ru','79610000044',3,1),(45,'Сергеева Лилия Алексеевна','Сергеева Лилия Алексеевна','seller25','9b8769a4a742959a2d0298c36fb70623f2dfacda8436237df08d8dfd5b37374c','1996-04-18','2020-07-28','lilia.s@mail.ru','79610000045',3,1),(46,'Абрамов Роман Сергеевич','Абрамов Роман Сергеевич','seller26','9b8769a4a742959a2d0298c36fb70623f2dfacda8436237df08d8dfd5b37374c','1983-11-15','2011-02-10','roman.a@mail.ru','79610000046',3,1),(47,'Миронов Григорий Андреевич','Миронов Григорий Андреевич','seller27','9b8769a4a742959a2d0298c36fb70623f2dfacda8436237df08d8dfd5b37374c','1984-08-30','2012-06-17','grigory.m@mail.ru','79610000047',3,1),(48,'Семенова Софья Владимировна','Семенова Софья Владимировна','seller28','9b8769a4a742959a2d0298c36fb70623f2dfacda8436237df08d8dfd5b37374c','1991-03-02','2017-03-05','sofia.s@mail.ru','79610000048',3,1),(49,'Гаврилов Александр Игоревич','Гаврилов Александр Игоревич','seller29','9b8769a4a742959a2d0298c36fb70623f2dfacda8436237df08d8dfd5b37374c','1988-09-19','2015-05-23','alex.g@mail.ru','79610000049',3,1),(50,'Фомина Валентина Михайловна','Фомина Валентина Михайловна','seller30','9b8769a4a742959a2d0298c36fb70623f2dfacda8436237df08d8dfd5b37374c','1995-12-28','2019-09-14','valentina.f@mail.ru','79610000050',3,1);
/*!40000 ALTER TABLE `Worker` ENABLE KEYS */;
UNLOCK TABLES;

--
-- Dumping events for database 'furniture_store'
--

--
-- Dumping routines for database 'furniture_store'
--
/*!40103 SET TIME_ZONE=@OLD_TIME_ZONE */;

/*!40101 SET SQL_MODE=@OLD_SQL_MODE */;
/*!40014 SET FOREIGN_KEY_CHECKS=@OLD_FOREIGN_KEY_CHECKS */;
/*!40014 SET UNIQUE_CHECKS=@OLD_UNIQUE_CHECKS */;
/*!40101 SET CHARACTER_SET_CLIENT=@OLD_CHARACTER_SET_CLIENT */;
/*!40101 SET CHARACTER_SET_RESULTS=@OLD_CHARACTER_SET_RESULTS */;
/*!40101 SET COLLATION_CONNECTION=@OLD_COLLATION_CONNECTION */;
/*!40111 SET SQL_NOTES=@OLD_SQL_NOTES */;

-- Dump completed on 2025-12-01 10:31:35
